clip,genre,fold,n_seg,n_frames,n_feat,path
blues.00000,blues,2,10,130,34,features\mfcc_seq\blues.00000.npy
blues.00001,blues,2,10,130,34,features\mfcc_seq\blues.00001.npy
blues.00002,blues,2,10,130,34,features\mfcc_seq\blues.00002.npy
blues.00003,blues,2,10,130,34,features\mfcc_seq\blues.00003.npy
blues.00004,blues,2,10,130,34,features\mfcc_seq\blues.00004.npy
blues.00005,blues,2,10,130,34,features\mfcc_seq\blues.00005.npy
blues.00006,blues,2,10,130,34,features\mfcc_seq\blues.00006.npy
blues.00007,blues,2,10,130,34,features\mfcc_seq\blues.00007.npy
blues.00008,blues,2,10,130,34,features\mfcc_seq\blues.00008.npy
blues.00009,blues,2,10,130,34,features\mfcc_seq\blues.00009.npy
blues.00010,blues,2,10,130,34,features\mfcc_seq\blues.00010.npy
blues.00011,blues,2,10,130,34,features\mfcc_seq\blues.00011.npy
blues.00012,blues,1,10,130,34,features\mfcc_seq\blues.00012.npy
blues.00013,blues,1,10,130,34,features\mfcc_seq\blues.00013.npy
blues.00014,blues,1,10,130,34,features\mfcc_seq\blues.00014.npy
blues.00015,blues,1,10,130,34,features\mfcc_seq\blues.00015.npy
blues.00016,blues,1,10,130,34,features\mfcc_seq\blues.00016.npy
blues.00017,blues,1,10,130,34,features\mfcc_seq\blues.00017.npy
blues.00018,blues,1,10,130,34,features\mfcc_seq\blues.00018.npy
blues.00019,blues,1,10,130,34,features\mfcc_seq\blues.00019.npy
blues.00020,blues,1,10,130,34,features\mfcc_seq\blues.00020.npy
blues.00021,blues,1,10,130,34,features\mfcc_seq\blues.00021.npy
blues.00022,blues,1,10,130,34,features\mfcc_seq\blues.00022.npy
blues.00023,blues,1,10,130,34,features\mfcc_seq\blues.00023.npy
blues.00024,blues,1,10,130,34,features\mfcc_seq\blues.00024.npy
blues.00025,blues,1,10,130,34,features\mfcc_seq\blues.00025.npy
blues.00026,blues,1,10,130,34,features\mfcc_seq\blues.00026.npy
blues.00027,blues,1,10,130,34,features\mfcc_seq\blues.00027.npy
blues.00028,blues,1,10,130,34,features\mfcc_seq\blues.00028.npy
blues.00029,blues,3,10,130,34,features\mfcc_seq\blues.00029.npy
blues.00030,blues,3,10,130,34,features\mfcc_seq\blues.00030.npy
blues.00031,blues,3,10,130,34,features\mfcc_seq\blues.00031.npy
blues.00032,blues,3,10,130,34,features\mfcc_seq\blues.00032.npy
blues.00033,blues,3,10,130,34,features\mfcc_seq\blues.00033.npy
blues.00034,blues,3,10,130,34,features\mfcc_seq\blues.00034.npy
blues.00035,blues,3,10,130,34,features\mfcc_seq\blues.00035.npy
blues.00036,blues,3,10,130,34,features\mfcc_seq\blues.00036.npy
blues.00037,blues,3,10,130,34,features\mfcc_seq\blues.00037.npy
blues.00038,blues,3,10,130,34,features\mfcc_seq\blues.00038.npy
blues.00039,blues,3,10,130,34,features\mfcc_seq\blues.00039.npy
blues.00040,blues,2,10,130,34,features\mfcc_seq\blues.00040.npy
blues.00041,blues,2,10,130,34,features\mfcc_seq\blues.00041.npy
blues.00042,blues,2,10,130,34,features\mfcc_seq\blues.00042.npy
blues.00043,blues,2,10,130,34,features\mfcc_seq\blues.00043.npy
blues.00044,blues,2,10,130,34,features\mfcc_seq\blues.00044.npy
blues.00045,blues,2,10,130,34,features\mfcc_seq\blues.00045.npy
blues.00046,blues,2,10,130,34,features\mfcc_seq\blues.00046.npy
blues.00047,blues,2,10,130,34,features\mfcc_seq\blues.00047.npy
blues.00048,blues,2,10,130,34,features\mfcc_seq\blues.00048.npy
blues.00049,blues,2,10,130,34,features\mfcc_seq\blues.00049.npy
blues.00050,blues,3,10,130,34,features\mfcc_seq\blues.00050.npy
blues.00051,blues,3,10,130,34,features\mfcc_seq\blues.00051.npy
blues.00052,blues,3,10,130,34,features\mfcc_seq\blues.00052.npy
blues.00053,blues,3,10,130,34,features\mfcc_seq\blues.00053.npy
blues.00054,blues,3,10,130,34,features\mfcc_seq\blues.00054.npy
blues.00055,blues,3,10,130,34,features\mfcc_seq\blues.00055.npy
blues.00056,blues,3,10,130,34,features\mfcc_seq\blues.00056.npy
blues.00057,blues,3,10,130,34,features\mfcc_seq\blues.00057.npy
blues.00058,blues,3,10,130,34,features\mfcc_seq\blues.00058.npy
blues.00059,blues,3,10,130,34,features\mfcc_seq\blues.00059.npy
blues.00060,blues,3,10,130,34,features\mfcc_seq\blues.00060.npy
blues.00061,blues,3,10,130,34,features\mfcc_seq\blues.00061.npy
blues.00062,blues,3,10,130,34,features\mfcc_seq\blues.00062.npy
blues.00063,blues,3,10,130,34,features\mfcc_seq\blues.00063.npy
blues.00064,blues,3,10,130,34,features\mfcc_seq\blues.00064.npy
blues.00065,blues,3,10,130,34,features\mfcc_seq\blues.00065.npy
blues.00066,blues,3,10,130,34,features\mfcc_seq\blues.00066.npy
blues.00067,blues,3,10,130,34,features\mfcc_seq\blues.00067.npy
blues.00068,blues,3,10,130,34,features\mfcc_seq\blues.00068.npy
blues.00069,blues,3,10,130,34,features\mfcc_seq\blues.00069.npy
blues.00070,blues,3,10,130,34,features\mfcc_seq\blues.00070.npy
blues.00071,blues,3,10,130,34,features\mfcc_seq\blues.00071.npy
blues.00072,blues,3,10,130,34,features\mfcc_seq\blues.00072.npy
blues.00073,blues,2,10,130,34,features\mfcc_seq\blues.00073.npy
blues.00074,blues,2,10,130,34,features\mfcc_seq\blues.00074.npy
blues.00075,blues,2,10,130,34,features\mfcc_seq\blues.00075.npy
blues.00076,blues,2,10,130,34,features\mfcc_seq\blues.00076.npy
blues.00077,blues,2,10,130,34,features\mfcc_seq\blues.00077.npy
blues.00078,blues,2,10,130,34,features\mfcc_seq\blues.00078.npy
blues.00079,blues,2,10,130,34,features\mfcc_seq\blues.00079.npy
blues.00080,blues,2,10,130,34,features\mfcc_seq\blues.00080.npy
blues.00081,blues,2,10,130,34,features\mfcc_seq\blues.00081.npy
blues.00082,blues,2,10,130,34,features\mfcc_seq\blues.00082.npy
blues.00083,blues,2,10,130,34,features\mfcc_seq\blues.00083.npy
blues.00084,blues,2,10,130,34,features\mfcc_seq\blues.00084.npy
blues.00085,blues,1,10,130,34,features\mfcc_seq\blues.00085.npy
blues.00086,blues,1,10,130,34,features\mfcc_seq\blues.00086.npy
blues.00087,blues,1,10,130,34,features\mfcc_seq\blues.00087.npy
blues.00088,blues,1,10,130,34,features\mfcc_seq\blues.00088.npy
blues.00089,blues,1,10,130,34,features\mfcc_seq\blues.00089.npy
blues.00090,blues,1,10,130,34,features\mfcc_seq\blues.00090.npy
blues.00091,blues,1,10,130,34,features\mfcc_seq\blues.00091.npy
blues.00092,blues,1,10,130,34,features\mfcc_seq\blues.00092.npy
blues.00093,blues,1,10,130,34,features\mfcc_seq\blues.00093.npy
blues.00094,blues,1,10,130,34,features\mfcc_seq\blues.00094.npy
blues.00095,blues,1,10,130,34,features\mfcc_seq\blues.00095.npy
blues.00096,blues,1,10,130,34,features\mfcc_seq\blues.00096.npy
blues.00097,blues,1,10,130,34,features\mfcc_seq\blues.00097.npy
blues.00098,blues,1,10,130,34,features\mfcc_seq\blues.00098.npy
blues.00099,blues,1,10,130,34,features\mfcc_seq\blues.00099.npy
classical.00000,classical,1,10,130,34,features\mfcc_seq\classical.00000.npy
classical.00001,classical,1,10,130,34,features\mfcc_seq\classical.00001.npy
classical.00002,classical,1,10,130,34,features\mfcc_seq\classical.00002.npy
classical.00003,classical,1,10,130,34,features\mfcc_seq\classical.00003.npy
classical.00004,classical,1,10,130,34,features\mfcc_seq\classical.00004.npy
classical.00005,classical,1,10,130,34,features\mfcc_seq\classical.00005.npy
classical.00006,classical,1,10,130,34,features\mfcc_seq\classical.00006.npy
classical.00007,classical,1,10,130,34,features\mfcc_seq\classical.00007.npy
classical.00008,classical,1,10,130,34,features\mfcc_seq\classical.00008.npy
classical.00009,classical,1,10,130,34,features\mfcc_seq\classical.00009.npy
classical.00010,classical,1,10,130,34,features\mfcc_seq\classical.00010.npy
classical.00011,classical,1,10,130,34,features\mfcc_seq\classical.00011.npy
classical.00012,classical,1,10,130,34,features\mfcc_seq\classical.00012.npy
classical.00013,classical,1,10,130,34,features\mfcc_seq\classical.00013.npy
classical.00014,classical,1,10,130,34,features\mfcc_seq\classical.00014.npy
classical.00015,classical,1,10,130,34,features\mfcc_seq\classical.00015.npy
classical.00016,classical,1,10,130,34,features\mfcc_seq\classical.00016.npy
classical.00017,classical,1,10,130,34,features\mfcc_seq\classical.00017.npy
classical.00018,classical,1,10,130,34,features\mfcc_seq\classical.00018.npy
classical.00019,classical,1,10,130,34,features\mfcc_seq\classical.00019.npy
classical.00020,classical,1,10,130,34,features\mfcc_seq\classical.00020.npy
classical.00021,classical,1,10,130,34,features\mfcc_seq\classical.00021.npy
classical.00022,classical,1,10,130,34,features\mfcc_seq\classical.00022.npy
classical.00023,classical,1,10,130,34,features\mfcc_seq\classical.00023.npy
classical.00024,classical,1,10,130,34,features\mfcc_seq\classical.00024.npy
classical.00025,classical,1,10,130,34,features\mfcc_seq\classical.00025.npy
classical.00026,classical,1,10,130,34,features\mfcc_seq\classical.00026.npy
classical.00027,classical,1,10,130,34,features\mfcc_seq\classical.00027.npy
classical.00028,classical,1,10,130,34,features\mfcc_seq\classical.00028.npy
classical.00029,classical,1,10,130,34,features\mfcc_seq\classical.00029.npy
classical.00030,classical,1,10,130,34,features\mfcc_seq\classical.00030.npy
classical.00031,classical,1,10,130,34,features\mfcc_seq\classical.00031.npy
classical.00032,classical,1,10,130,34,features\mfcc_seq\classical.00032.npy
classical.00033,classical,1,10,130,34,features\mfcc_seq\classical.00033.npy
classical.00034,classical,2,10,130,34,features\mfcc_seq\classical.00034.npy
classical.00035,classical,2,10,130,34,features\mfcc_seq\classical.00035.npy
classical.00036,classical,2,10,130,34,features\mfcc_seq\classical.00036.npy
classical.00037,classical,2,10,130,34,features\mfcc_seq\classical.00037.npy
classical.00038,classical,2,10,130,34,features\mfcc_seq\classical.00038.npy
classical.00039,classical,2,10,130,34,features\mfcc_seq\classical.00039.npy
classical.00040,classical,2,10,130,34,features\mfcc_seq\classical.00040.npy
classical.00041,classical,2,10,130,34,features\mfcc_seq\classical.00041.npy
classical.00042,classical,2,10,130,34,features\mfcc_seq\classical.00042.npy
classical.00043,classical,2,10,130,34,features\mfcc_seq\classical.00043.npy
classical.00044,classical,2,10,130,34,features\mfcc_seq\classical.00044.npy
classical.00045,classical,2,10,130,34,features\mfcc_seq\classical.00045.npy
classical.00046,classical,2,10,130,34,features\mfcc_seq\classical.00046.npy
classical.00047,classical,2,10,130,34,features\mfcc_seq\classical.00047.npy
classical.00048,classical,2,10,130,34,features\mfcc_seq\classical.00048.npy
classical.00049,classical,2,10,130,34,features\mfcc_seq\classical.00049.npy
classical.00050,classical,2,10,130,34,features\mfcc_seq\classical.00050.npy
classical.00051,classical,2,10,130,34,features\mfcc_seq\classical.00051.npy
classical.00052,classical,2,10,130,34,features\mfcc_seq\classical.00052.npy
classical.00053,classical,2,10,130,34,features\mfcc_seq\classical.00053.npy
classical.00054,classical,2,10,130,34,features\mfcc_seq\classical.00054.npy
classical.00055,classical,2,10,130,34,features\mfcc_seq\classical.00055.npy
classical.00056,classical,2,10,130,34,features\mfcc_seq\classical.00056.npy
classical.00057,classical,2,10,130,34,features\mfcc_seq\classical.00057.npy
classical.00058,classical,2,10,130,34,features\mfcc_seq\classical.00058.npy
classical.00059,classical,2,10,130,34,features\mfcc_seq\classical.00059.npy
classical.00060,classical,2,10,130,34,features\mfcc_seq\classical.00060.npy
classical.00061,classical,2,10,130,34,features\mfcc_seq\classical.00061.npy
classical.00062,classical,2,10,130,34,features\mfcc_seq\classical.00062.npy
classical.00063,classical,2,10,130,34,features\mfcc_seq\classical.00063.npy
classical.00064,classical,2,10,130,34,features\mfcc_seq\classical.00064.npy
classical.00065,classical,2,10,130,34,features\mfcc_seq\classical.00065.npy
classical.00066,classical,2,10,130,34,features\mfcc_seq\classical.00066.npy
classical.00067,classical,2,10,130,34,features\mfcc_seq\classical.00067.npy
classical.00068,classical,3,10,130,34,features\mfcc_seq\classical.00068.npy
classical.00069,classical,3,10,130,34,features\mfcc_seq\classical.00069.npy
classical.00070,classical,3,10,130,34,features\mfcc_seq\classical.00070.npy
classical.00071,classical,3,10,130,34,features\mfcc_seq\classical.00071.npy
classical.00072,classical,3,10,130,34,features\mfcc_seq\classical.00072.npy
classical.00073,classical,3,10,130,34,features\mfcc_seq\classical.00073.npy
classical.00074,classical,3,10,130,34,features\mfcc_seq\classical.00074.npy
classical.00075,classical,3,10,130,34,features\mfcc_seq\classical.00075.npy
classical.00076,classical,3,10,130,34,features\mfcc_seq\classical.00076.npy
classical.00077,classical,3,10,130,34,features\mfcc_seq\classical.00077.npy
classical.00078,classical,3,10,130,34,features\mfcc_seq\classical.00078.npy
classical.00079,classical,3,10,130,34,features\mfcc_seq\classical.00079.npy
classical.00080,classical,3,10,130,34,features\mfcc_seq\classical.00080.npy
classical.00081,classical,3,10,130,34,features\mfcc_seq\classical.00081.npy
classical.00082,classical,3,10,130,34,features\mfcc_seq\classical.00082.npy
classical.00083,classical,3,10,130,34,features\mfcc_seq\classical.00083.npy
classical.00084,classical,3,10,130,34,features\mfcc_seq\classical.00084.npy
classical.00085,classical,3,10,130,34,features\mfcc_seq\classical.00085.npy
classical.00086,classical,3,10,130,34,features\mfcc_seq\classical.00086.npy
classical.00087,classical,3,10,130,34,features\mfcc_seq\classical.00087.npy
classical.00088,classical,3,10,130,34,features\mfcc_seq\classical.00088.npy
classical.00089,classical,3,10,130,34,features\mfcc_seq\classical.00089.npy
classical.00090,classical,3,10,130,34,features\mfcc_seq\classical.00090.npy
classical.00091,classical,3,10,130,34,features\mfcc_seq\classical.00091.npy
classical.00092,classical,3,10,130,34,features\mfcc_seq\classical.00092.npy
classical.00093,classical,3,10,130,34,features\mfcc_seq\classical.00093.npy
classical.00094,classical,3,10,130,34,features\mfcc_seq\classical.00094.npy
classical.00095,classical,3,10,130,34,features\mfcc_seq\classical.00095.npy
classical.00096,classical,3,10,130,34,features\mfcc_seq\classical.00096.npy
classical.00097,classical,3,10,130,34,features\mfcc_seq\classical.00097.npy
classical.00098,classical,3,10,130,34,features\mfcc_seq\classical.00098.npy
classical.00099,classical,3,10,130,34,features\mfcc_seq\classical.00099.npy
country.00000,country,1,10,130,34,features\mfcc_seq\country.00000.npy
country.00001,country,1,10,130,34,features\mfcc_seq\country.00001.npy
country.00002,country,1,10,130,34,features\mfcc_seq\country.00002.npy
country.00003,country,1,10,130,34,features\mfcc_seq\country.00003.npy
country.00004,country,1,10,130,34,features\mfcc_seq\country.00004.npy
country.00005,country,1,10,130,34,features\mfcc_seq\country.00005.npy
country.00006,country,1,10,130,34,features\mfcc_seq\country.00006.npy
country.00007,country,1,10,130,34,features\mfcc_seq\country.00007.npy
country.00008,country,1,10,130,34,features\mfcc_seq\country.00008.npy
country.00009,country,1,10,130,34,features\mfcc_seq\country.00009.npy
country.00010,country,1,10,130,34,features\mfcc_seq\country.00010.npy
country.00011,country,1,10,130,34,features\mfcc_seq\country.00011.npy
country.00012,country,1,10,130,34,features\mfcc_seq\country.00012.npy
country.00013,country,1,10,130,34,features\mfcc_seq\country.00013.npy
country.00014,country,1,10,130,34,features\mfcc_seq\country.00014.npy
country.00015,country,1,10,130,34,features\mfcc_seq\country.00015.npy
country.00016,country,1,10,130,34,features\mfcc_seq\country.00016.npy
country.00017,country,1,10,130,34,features\mfcc_seq\country.00017.npy
country.00018,country,1,10,130,34,features\mfcc_seq\country.00018.npy
country.00019,country,2,10,130,34,features\mfcc_seq\country.00019.npy
country.00020,country,1,10,130,34,features\mfcc_seq\country.00020.npy
country.00021,country,1,10,130,34,features\mfcc_seq\country.00021.npy
country.00022,country,1,10,130,34,features\mfcc_seq\country.00022.npy
country.00023,country,1,10,130,34,features\mfcc_seq\country.00023.npy
country.00024,country,1,10,130,34,features\mfcc_seq\country.00024.npy
country.00025,country,1,10,130,34,features\mfcc_seq\country.00025.npy
country.00026,country,2,10,130,34,features\mfcc_seq\country.00026.npy
country.00027,country,1,10,130,34,features\mfcc_seq\country.00027.npy
country.00028,country,1,10,130,34,features\mfcc_seq\country.00028.npy
country.00029,country,1,10,130,34,features\mfcc_seq\country.00029.npy
country.00030,country,1,10,130,34,features\mfcc_seq\country.00030.npy
country.00031,country,1,10,130,34,features\mfcc_seq\country.00031.npy
country.00032,country,1,10,130,34,features\mfcc_seq\country.00032.npy
country.00033,country,1,10,130,34,features\mfcc_seq\country.00033.npy
country.00034,country,1,10,130,34,features\mfcc_seq\country.00034.npy
country.00035,country,1,10,130,34,features\mfcc_seq\country.00035.npy
country.00036,country,2,10,130,34,features\mfcc_seq\country.00036.npy
country.00037,country,2,10,130,34,features\mfcc_seq\country.00037.npy
country.00038,country,2,10,130,34,features\mfcc_seq\country.00038.npy
country.00039,country,2,10,130,34,features\mfcc_seq\country.00039.npy
country.00040,country,2,10,130,34,features\mfcc_seq\country.00040.npy
country.00041,country,2,10,130,34,features\mfcc_seq\country.00041.npy
country.00042,country,2,10,130,34,features\mfcc_seq\country.00042.npy
country.00043,country,2,10,130,34,features\mfcc_seq\country.00043.npy
country.00044,country,2,10,130,34,features\mfcc_seq\country.00044.npy
country.00045,country,2,10,130,34,features\mfcc_seq\country.00045.npy
country.00046,country,2,10,130,34,features\mfcc_seq\country.00046.npy
country.00047,country,2,10,130,34,features\mfcc_seq\country.00047.npy
country.00048,country,2,10,130,34,features\mfcc_seq\country.00048.npy
country.00049,country,2,10,130,34,features\mfcc_seq\country.00049.npy
country.00050,country,3,10,130,34,features\mfcc_seq\country.00050.npy
country.00051,country,3,10,130,34,features\mfcc_seq\country.00051.npy
country.00052,country,3,10,130,34,features\mfcc_seq\country.00052.npy
country.00053,country,3,10,130,34,features\mfcc_seq\country.00053.npy
country.00054,country,3,10,130,34,features\mfcc_seq\country.00054.npy
country.00055,country,3,10,130,34,features\mfcc_seq\country.00055.npy
country.00056,country,3,10,130,34,features\mfcc_seq\country.00056.npy
country.00057,country,3,10,130,34,features\mfcc_seq\country.00057.npy
country.00058,country,3,10,130,34,features\mfcc_seq\country.00058.npy
country.00059,country,3,10,130,34,features\mfcc_seq\country.00059.npy
country.00060,country,3,10,130,34,features\mfcc_seq\country.00060.npy
country.00061,country,3,10,130,34,features\mfcc_seq\country.00061.npy
country.00062,country,3,10,130,34,features\mfcc_seq\country.00062.npy
country.00063,country,3,10,130,34,features\mfcc_seq\country.00063.npy
country.00064,country,3,10,130,34,features\mfcc_seq\country.00064.npy
country.00065,country,2,10,130,34,features\mfcc_seq\country.00065.npy
country.00066,country,2,10,130,34,features\mfcc_seq\country.00066.npy
country.00067,country,2,10,130,34,features\mfcc_seq\country.00067.npy
country.00068,country,2,10,130,34,features\mfcc_seq\country.00068.npy
country.00069,country,2,10,130,34,features\mfcc_seq\country.00069.npy
country.00070,country,2,10,130,34,features\mfcc_seq\country.00070.npy
country.00071,country,2,10,130,34,features\mfcc_seq\country.00071.npy
country.00072,country,2,10,130,34,features\mfcc_seq\country.00072.npy
country.00073,country,2,10,130,34,features\mfcc_seq\country.00073.npy
country.00074,country,2,10,130,34,features\mfcc_seq\country.00074.npy
country.00075,country,2,10,130,34,features\mfcc_seq\country.00075.npy
country.00076,country,2,10,130,34,features\mfcc_seq\country.00076.npy
country.00077,country,2,10,130,34,features\mfcc_seq\country.00077.npy
country.00078,country,2,10,130,34,features\mfcc_seq\country.00078.npy
country.00079,country,2,10,130,34,features\mfcc_seq\country.00079.npy
country.00080,country,2,10,130,34,features\mfcc_seq\country.00080.npy
country.00081,country,3,10,130,34,features\mfcc_seq\country.00081.npy
country.00082,country,3,10,130,34,features\mfcc_seq\country.00082.npy
country.00083,country,3,10,130,34,features\mfcc_seq\country.00083.npy
country.00084,country,3,10,130,34,features\mfcc_seq\country.00084.npy
country.00085,country,3,10,130,34,features\mfcc_seq\country.00085.npy
country.00086,country,3,10,130,34,features\mfcc_seq\country.00086.npy
country.00087,country,3,10,130,34,features\mfcc_seq\country.00087.npy
country.00088,country,3,10,130,34,features\mfcc_seq\country.00088.npy
country.00089,country,3,10,130,34,features\mfcc_seq\country.00089.npy
country.00090,country,3,10,130,34,features\mfcc_seq\country.00090.npy
country.00091,country,3,10,130,34,features\mfcc_seq\country.00091.npy
country.00092,country,3,10,130,34,features\mfcc_seq\country.00092.npy
country.00093,country,3,10,130,34,features\mfcc_seq\country.00093.npy
country.00094,country,3,10,130,34,features\mfcc_seq\country.00094.npy
country.00095,country,3,10,130,34,features\mfcc_seq\country.00095.npy
country.00096,country,3,10,130,34,features\mfcc_seq\country.00096.npy
country.00097,country,3,10,130,34,features\mfcc_seq\country.00097.npy
country.00098,country,3,10,130,34,features\mfcc_seq\country.00098.npy
country.00099,country,3,10,130,34,features\mfcc_seq\country.00099.npy
disco.00000,disco,1,10,130,34,features\mfcc_seq\disco.00000.npy
disco.00001,disco,1,10,130,34,features\mfcc_seq\disco.00001.npy
disco.00002,disco,1,10,130,34,features\mfcc_seq\disco.00002.npy
disco.00003,disco,1,10,130,34,features\mfcc_seq\disco.00003.npy
disco.00004,disco,1,10,130,34,features\mfcc_seq\disco.00004.npy
disco.00005,disco,1,10,130,34,features\mfcc_seq\disco.00005.npy
disco.00006,disco,1,10,130,34,features\mfcc_seq\disco.00006.npy
disco.00007,disco,1,10,130,34,features\mfcc_seq\disco.00007.npy
disco.00008,disco,1,10,130,34,features\mfcc_seq\disco.00008.npy
disco.00009,disco,1,10,130,34,features\mfcc_seq\disco.00009.npy
disco.00010,disco,1,10,130,34,features\mfcc_seq\disco.00010.npy
disco.00011,disco,1,10,130,34,features\mfcc_seq\disco.00011.npy
disco.00012,disco,1,10,130,34,features\mfcc_seq\disco.00012.npy
disco.00013,disco,1,10,130,34,features\mfcc_seq\disco.00013.npy
disco.00014,disco,1,10,130,34,features\mfcc_seq\disco.00014.npy
disco.00015,disco,1,10,130,34,features\mfcc_seq\disco.00015.npy
disco.00016,disco,1,10,130,34,features\mfcc_seq\disco.00016.npy
disco.00017,disco,3,10,130,34,features\mfcc_seq\disco.00017.npy
disco.00018,disco,1,10,130,34,features\mfcc_seq\disco.00018.npy
disco.00019,disco,1,10,130,34,features\mfcc_seq\disco.00019.npy
disco.00020,disco,1,10,130,34,features\mfcc_seq\disco.00020.npy
disco.00021,disco,1,10,130,34,features\mfcc_seq\disco.00021.npy
disco.00022,disco,1,10,130,34,features\mfcc_seq\disco.00022.npy
disco.00023,disco,1,10,130,34,features\mfcc_seq\disco.00023.npy
disco.00024,disco,3,10,130,34,features\mfcc_seq\disco.00024.npy
disco.00025,disco,1,10,130,34,features\mfcc_seq\disco.00025.npy
disco.00026,disco,1,10,130,34,features\mfcc_seq\disco.00026.npy
disco.00027,disco,2,10,130,34,features\mfcc_seq\disco.00027.npy
disco.00028,disco,1,10,130,34,features\mfcc_seq\disco.00028.npy
disco.00029,disco,2,10,130,34,features\mfcc_seq\disco.00029.npy
disco.00030,disco,1,10,130,34,features\mfcc_seq\disco.00030.npy
disco.00031,disco,2,10,130,34,features\mfcc_seq\disco.00031.npy
disco.00032,disco,2,10,130,34,features\mfcc_seq\disco.00032.npy
disco.00033,disco,2,10,130,34,features\mfcc_seq\disco.00033.npy
disco.00034,disco,2,10,130,34,features\mfcc_seq\disco.00034.npy
disco.00035,disco,1,10,130,34,features\mfcc_seq\disco.00035.npy
disco.00036,disco,2,10,130,34,features\mfcc_seq\disco.00036.npy
disco.00037,disco,1,10,130,34,features\mfcc_seq\disco.00037.npy
disco.00038,disco,1,10,130,34,features\mfcc_seq\disco.00038.npy
disco.00039,disco,2,10,130,34,features\mfcc_seq\disco.00039.npy
disco.00040,disco,2,10,130,34,features\mfcc_seq\disco.00040.npy
disco.00041,disco,2,10,130,34,features\mfcc_seq\disco.00041.npy
disco.00042,disco,2,10,130,34,features\mfcc_seq\disco.00042.npy
disco.00043,disco,2,10,130,34,features\mfcc_seq\disco.00043.npy
disco.00044,disco,3,10,130,34,features\mfcc_seq\disco.00044.npy
disco.00045,disco,3,10,130,34,features\mfcc_seq\disco.00045.npy
disco.00046,disco,2,10,130,34,features\mfcc_seq\disco.00046.npy
disco.00047,disco,2,10,130,34,features\mfcc_seq\disco.00047.npy
disco.00048,disco,2,10,130,34,features\mfcc_seq\disco.00048.npy
disco.00049,disco,2,10,130,34,features\mfcc_seq\disco.00049.npy
disco.00050,disco,2,10,130,34,features\mfcc_seq\disco.00050.npy
disco.00052,disco,2,10,130,34,features\mfcc_seq\disco.00052.npy
disco.00053,disco,2,10,130,34,features\mfcc_seq\disco.00053.npy
disco.00054,disco,2,10,130,34,features\mfcc_seq\disco.00054.npy
disco.00055,disco,2,10,130,34,features\mfcc_seq\disco.00055.npy
disco.00056,disco,2,10,130,34,features\mfcc_seq\disco.00056.npy
disco.00057,disco,2,10,130,34,features\mfcc_seq\disco.00057.npy
disco.00058,disco,2,10,130,34,features\mfcc_seq\disco.00058.npy
disco.00059,disco,2,10,130,34,features\mfcc_seq\disco.00059.npy
disco.00061,disco,2,10,130,34,features\mfcc_seq\disco.00061.npy
disco.00062,disco,2,10,130,34,features\mfcc_seq\disco.00062.npy
disco.00063,disco,2,10,130,34,features\mfcc_seq\disco.00063.npy
disco.00064,disco,2,10,130,34,features\mfcc_seq\disco.00064.npy
disco.00065,disco,3,10,130,34,features\mfcc_seq\disco.00065.npy
disco.00066,disco,3,10,130,34,features\mfcc_seq\disco.00066.npy
disco.00067,disco,3,10,130,34,features\mfcc_seq\disco.00067.npy
disco.00068,disco,3,10,130,34,features\mfcc_seq\disco.00068.npy
disco.00069,disco,2,10,130,34,features\mfcc_seq\disco.00069.npy
disco.00071,disco,2,10,130,34,features\mfcc_seq\disco.00071.npy
disco.00072,disco,3,10,130,34,features\mfcc_seq\disco.00072.npy
disco.00073,disco,2,10,130,34,features\mfcc_seq\disco.00073.npy
disco.00075,disco,3,10,130,34,features\mfcc_seq\disco.00075.npy
disco.00076,disco,3,10,130,34,features\mfcc_seq\disco.00076.npy
disco.00077,disco,3,10,130,34,features\mfcc_seq\disco.00077.npy
disco.00078,disco,1,10,130,34,features\mfcc_seq\disco.00078.npy
disco.00079,disco,3,10,130,34,features\mfcc_seq\disco.00079.npy
disco.00080,disco,3,10,130,34,features\mfcc_seq\disco.00080.npy
disco.00081,disco,3,10,130,34,features\mfcc_seq\disco.00081.npy
disco.00082,disco,3,10,130,34,features\mfcc_seq\disco.00082.npy
disco.00083,disco,3,10,130,34,features\mfcc_seq\disco.00083.npy
disco.00084,disco,3,10,130,34,features\mfcc_seq\disco.00084.npy
disco.00085,disco,3,10,130,34,features\mfcc_seq\disco.00085.npy
disco.00086,disco,3,10,130,34,features\mfcc_seq\disco.00086.npy
disco.00087,disco,3,10,130,34,features\mfcc_seq\disco.00087.npy
disco.00088,disco,3,10,130,34,features\mfcc_seq\disco.00088.npy
disco.00090,disco,3,10,130,34,features\mfcc_seq\disco.00090.npy
disco.00091,disco,3,10,130,34,features\mfcc_seq\disco.00091.npy
disco.00092,disco,3,10,130,34,features\mfcc_seq\disco.00092.npy
disco.00093,disco,3,10,130,34,features\mfcc_seq\disco.00093.npy
disco.00094,disco,3,10,130,34,features\mfcc_seq\disco.00094.npy
disco.00095,disco,3,10,130,34,features\mfcc_seq\disco.00095.npy
disco.00096,disco,3,10,130,34,features\mfcc_seq\disco.00096.npy
disco.00097,disco,3,10,130,34,features\mfcc_seq\disco.00097.npy
disco.00098,disco,3,10,130,34,features\mfcc_seq\disco.00098.npy
hiphop.00000,hiphop,1,10,130,34,features\mfcc_seq\hiphop.00000.npy
hiphop.00001,hiphop,1,10,130,34,features\mfcc_seq\hiphop.00001.npy
hiphop.00002,hiphop,1,10,130,34,features\mfcc_seq\hiphop.00002.npy
hiphop.00003,hiphop,1,10,130,34,features\mfcc_seq\hiphop.00003.npy
hiphop.00004,hiphop,1,10,130,34,features\mfcc_seq\hiphop.00004.npy
hiphop.00005,hiphop,1,10,130,34,features\mfcc_seq\hiphop.00005.npy
hiphop.00006,hiphop,1,10,130,34,features\mfcc_seq\hiphop.00006.npy
hiphop.00007,hiphop,1,10,130,34,features\mfcc_seq\hiphop.00007.npy
hiphop.00008,hiphop,1,10,130,34,features\mfcc_seq\hiphop.00008.npy
hiphop.00009,hiphop,1,10,130,34,features\mfcc_seq\hiphop.00009.npy
hiphop.00010,hiphop,1,10,130,34,features\mfcc_seq\hiphop.00010.npy
hiphop.00011,hiphop,1,10,130,34,features\mfcc_seq\hiphop.00011.npy
hiphop.00012,hiphop,1,10,130,34,features\mfcc_seq\hiphop.00012.npy
hiphop.00013,hiphop,1,10,130,34,features\mfcc_seq\hiphop.00013.npy
hiphop.00014,hiphop,1,10,130,34,features\mfcc_seq\hiphop.00014.npy
hiphop.00015,hiphop,1,10,130,34,features\mfcc_seq\hiphop.00015.npy
hiphop.00016,hiphop,1,10,130,34,features\mfcc_seq\hiphop.00016.npy
hiphop.00017,hiphop,1,10,130,34,features\mfcc_seq\hiphop.00017.npy
hiphop.00018,hiphop,1,10,130,34,features\mfcc_seq\hiphop.00018.npy
hiphop.00019,hiphop,1,10,130,34,features\mfcc_seq\hiphop.00019.npy
hiphop.00020,hiphop,1,10,130,34,features\mfcc_seq\hiphop.00020.npy
hiphop.00021,hiphop,1,10,130,34,features\mfcc_seq\hiphop.00021.npy
hiphop.00022,hiphop,1,10,130,34,features\mfcc_seq\hiphop.00022.npy
hiphop.00023,hiphop,1,10,130,34,features\mfcc_seq\hiphop.00023.npy
hiphop.00024,hiphop,1,10,130,34,features\mfcc_seq\hiphop.00024.npy
hiphop.00025,hiphop,1,10,130,34,features\mfcc_seq\hiphop.00025.npy
hiphop.00026,hiphop,1,10,130,34,features\mfcc_seq\hiphop.00026.npy
hiphop.00027,hiphop,1,10,130,34,features\mfcc_seq\hiphop.00027.npy
hiphop.00028,hiphop,1,10,130,34,features\mfcc_seq\hiphop.00028.npy
hiphop.00029,hiphop,1,10,130,34,features\mfcc_seq\hiphop.00029.npy
hiphop.00030,hiphop,1,10,130,34,features\mfcc_seq\hiphop.00030.npy
hiphop.00031,hiphop,2,10,130,34,features\mfcc_seq\hiphop.00031.npy
hiphop.00032,hiphop,2,10,130,34,features\mfcc_seq\hiphop.00032.npy
hiphop.00033,hiphop,2,10,130,34,features\mfcc_seq\hiphop.00033.npy
hiphop.00034,hiphop,2,10,130,34,features\mfcc_seq\hiphop.00034.npy
hiphop.00035,hiphop,2,10,130,34,features\mfcc_seq\hiphop.00035.npy
hiphop.00036,hiphop,2,10,130,34,features\mfcc_seq\hiphop.00036.npy
hiphop.00037,hiphop,2,10,130,34,features\mfcc_seq\hiphop.00037.npy
hiphop.00038,hiphop,2,10,130,34,features\mfcc_seq\hiphop.00038.npy
hiphop.00039,hiphop,2,10,130,34,features\mfcc_seq\hiphop.00039.npy
hiphop.00040,hiphop,2,10,130,34,features\mfcc_seq\hiphop.00040.npy
hiphop.00041,hiphop,1,10,130,34,features\mfcc_seq\hiphop.00041.npy
hiphop.00042,hiphop,1,10,130,34,features\mfcc_seq\hiphop.00042.npy
hiphop.00043,hiphop,2,10,130,34,features\mfcc_seq\hiphop.00043.npy
hiphop.00044,hiphop,2,10,130,34,features\mfcc_seq\hiphop.00044.npy
hiphop.00046,hiphop,2,10,130,34,features\mfcc_seq\hiphop.00046.npy
hiphop.00047,hiphop,2,10,130,34,features\mfcc_seq\hiphop.00047.npy
hiphop.00048,hiphop,2,10,130,34,features\mfcc_seq\hiphop.00048.npy
hiphop.00049,hiphop,2,10,130,34,features\mfcc_seq\hiphop.00049.npy
hiphop.00050,hiphop,2,10,130,34,features\mfcc_seq\hiphop.00050.npy
hiphop.00051,hiphop,2,10,130,34,features\mfcc_seq\hiphop.00051.npy
hiphop.00052,hiphop,2,10,130,34,features\mfcc_seq\hiphop.00052.npy
hiphop.00053,hiphop,2,10,130,34,features\mfcc_seq\hiphop.00053.npy
hiphop.00054,hiphop,2,10,130,34,features\mfcc_seq\hiphop.00054.npy
hiphop.00055,hiphop,2,10,130,34,features\mfcc_seq\hiphop.00055.npy
hiphop.00056,hiphop,2,10,130,34,features\mfcc_seq\hiphop.00056.npy
hiphop.00057,hiphop,2,10,130,34,features\mfcc_seq\hiphop.00057.npy
hiphop.00058,hiphop,2,10,130,34,features\mfcc_seq\hiphop.00058.npy
hiphop.00059,hiphop,2,10,130,34,features\mfcc_seq\hiphop.00059.npy
hiphop.00060,hiphop,2,10,130,34,features\mfcc_seq\hiphop.00060.npy
hiphop.00061,hiphop,2,10,130,34,features\mfcc_seq\hiphop.00061.npy
hiphop.00062,hiphop,2,10,130,34,features\mfcc_seq\hiphop.00062.npy
hiphop.00063,hiphop,2,10,130,34,features\mfcc_seq\hiphop.00063.npy
hiphop.00064,hiphop,2,10,130,34,features\mfcc_seq\hiphop.00064.npy
hiphop.00065,hiphop,2,10,130,34,features\mfcc_seq\hiphop.00065.npy
hiphop.00066,hiphop,3,10,130,34,features\mfcc_seq\hiphop.00066.npy
hiphop.00067,hiphop,3,10,130,34,features\mfcc_seq\hiphop.00067.npy
hiphop.00068,hiphop,3,10,130,34,features\mfcc_seq\hiphop.00068.npy
hiphop.00069,hiphop,3,10,130,34,features\mfcc_seq\hiphop.00069.npy
hiphop.00070,hiphop,3,10,130,34,features\mfcc_seq\hiphop.00070.npy
hiphop.00071,hiphop,3,10,130,34,features\mfcc_seq\hiphop.00071.npy
hiphop.00072,hiphop,3,10,130,34,features\mfcc_seq\hiphop.00072.npy
hiphop.00073,hiphop,3,10,130,34,features\mfcc_seq\hiphop.00073.npy
hiphop.00074,hiphop,3,10,130,34,features\mfcc_seq\hiphop.00074.npy
hiphop.00075,hiphop,3,10,130,34,features\mfcc_seq\hiphop.00075.npy
hiphop.00076,hiphop,2,10,130,34,features\mfcc_seq\hiphop.00076.npy
hiphop.00077,hiphop,3,10,130,34,features\mfcc_seq\hiphop.00077.npy
hiphop.00079,hiphop,3,10,130,34,features\mfcc_seq\hiphop.00079.npy
hiphop.00080,hiphop,3,10,130,34,features\mfcc_seq\hiphop.00080.npy
hiphop.00081,hiphop,3,10,130,34,features\mfcc_seq\hiphop.00081.npy
hiphop.00082,hiphop,3,10,130,34,features\mfcc_seq\hiphop.00082.npy
hiphop.00083,hiphop,3,10,130,34,features\mfcc_seq\hiphop.00083.npy
hiphop.00084,hiphop,3,10,130,34,features\mfcc_seq\hiphop.00084.npy
hiphop.00085,hiphop,3,10,130,34,features\mfcc_seq\hiphop.00085.npy
hiphop.00086,hiphop,3,10,130,34,features\mfcc_seq\hiphop.00086.npy
hiphop.00087,hiphop,3,10,130,34,features\mfcc_seq\hiphop.00087.npy
hiphop.00088,hiphop,3,10,130,34,features\mfcc_seq\hiphop.00088.npy
hiphop.00089,hiphop,3,10,130,34,features\mfcc_seq\hiphop.00089.npy
hiphop.00090,hiphop,3,10,130,34,features\mfcc_seq\hiphop.00090.npy
hiphop.00091,hiphop,3,10,130,34,features\mfcc_seq\hiphop.00091.npy
hiphop.00092,hiphop,3,10,130,34,features\mfcc_seq\hiphop.00092.npy
hiphop.00093,hiphop,3,10,130,34,features\mfcc_seq\hiphop.00093.npy
hiphop.00094,hiphop,3,10,130,34,features\mfcc_seq\hiphop.00094.npy
hiphop.00095,hiphop,3,10,130,34,features\mfcc_seq\hiphop.00095.npy
hiphop.00096,hiphop,3,10,130,34,features\mfcc_seq\hiphop.00096.npy
hiphop.00097,hiphop,3,10,130,34,features\mfcc_seq\hiphop.00097.npy
hiphop.00098,hiphop,3,10,130,34,features\mfcc_seq\hiphop.00098.npy
hiphop.00099,hiphop,3,10,130,34,features\mfcc_seq\hiphop.00099.npy
jazz.00000,jazz,2,10,130,34,features\mfcc_seq\jazz.00000.npy
jazz.00001,jazz,2,10,130,34,features\mfcc_seq\jazz.00001.npy
jazz.00002,jazz,2,10,130,34,features\mfcc_seq\jazz.00002.npy
jazz.00003,jazz,2,10,130,34,features\mfcc_seq\jazz.00003.npy
jazz.00004,jazz,2,10,130,34,features\mfcc_seq\jazz.00004.npy
jazz.00005,jazz,2,10,130,34,features\mfcc_seq\jazz.00005.npy
jazz.00006,jazz,2,10,130,34,features\mfcc_seq\jazz.00006.npy
jazz.00007,jazz,2,10,130,34,features\mfcc_seq\jazz.00007.npy
jazz.00008,jazz,2,10,130,34,features\mfcc_seq\jazz.00008.npy
jazz.00009,jazz,2,10,130,34,features\mfcc_seq\jazz.00009.npy
jazz.00010,jazz,2,10,130,34,features\mfcc_seq\jazz.00010.npy
jazz.00011,jazz,1,10,130,34,features\mfcc_seq\jazz.00011.npy
jazz.00012,jazz,1,10,130,34,features\mfcc_seq\jazz.00012.npy
jazz.00013,jazz,1,10,130,34,features\mfcc_seq\jazz.00013.npy
jazz.00014,jazz,1,10,130,34,features\mfcc_seq\jazz.00014.npy
jazz.00015,jazz,1,10,130,34,features\mfcc_seq\jazz.00015.npy
jazz.00016,jazz,1,10,130,34,features\mfcc_seq\jazz.00016.npy
jazz.00017,jazz,1,10,130,34,features\mfcc_seq\jazz.00017.npy
jazz.00018,jazz,1,10,130,34,features\mfcc_seq\jazz.00018.npy
jazz.00019,jazz,1,10,130,34,features\mfcc_seq\jazz.00019.npy
jazz.00020,jazz,1,10,130,34,features\mfcc_seq\jazz.00020.npy
jazz.00021,jazz,1,10,130,34,features\mfcc_seq\jazz.00021.npy
jazz.00022,jazz,1,10,130,34,features\mfcc_seq\jazz.00022.npy
jazz.00023,jazz,1,10,130,34,features\mfcc_seq\jazz.00023.npy
jazz.00024,jazz,1,10,130,34,features\mfcc_seq\jazz.00024.npy
jazz.00025,jazz,2,10,130,34,features\mfcc_seq\jazz.00025.npy
jazz.00026,jazz,2,10,130,34,features\mfcc_seq\jazz.00026.npy
jazz.00027,jazz,2,10,130,34,features\mfcc_seq\jazz.00027.npy
jazz.00028,jazz,2,10,130,34,features\mfcc_seq\jazz.00028.npy
jazz.00029,jazz,2,10,130,34,features\mfcc_seq\jazz.00029.npy
jazz.00030,jazz,2,10,130,34,features\mfcc_seq\jazz.00030.npy
jazz.00031,jazz,2,10,130,34,features\mfcc_seq\jazz.00031.npy
jazz.00032,jazz,2,10,130,34,features\mfcc_seq\jazz.00032.npy
jazz.00033,jazz,1,10,130,34,features\mfcc_seq\jazz.00033.npy
jazz.00034,jazz,1,10,130,34,features\mfcc_seq\jazz.00034.npy
jazz.00035,jazz,1,10,130,34,features\mfcc_seq\jazz.00035.npy
jazz.00036,jazz,1,10,130,34,features\mfcc_seq\jazz.00036.npy
jazz.00037,jazz,1,10,130,34,features\mfcc_seq\jazz.00037.npy
jazz.00038,jazz,1,10,130,34,features\mfcc_seq\jazz.00038.npy
jazz.00039,jazz,1,10,130,34,features\mfcc_seq\jazz.00039.npy
jazz.00040,jazz,1,10,130,34,features\mfcc_seq\jazz.00040.npy
jazz.00041,jazz,1,10,130,34,features\mfcc_seq\jazz.00041.npy
jazz.00042,jazz,1,10,130,34,features\mfcc_seq\jazz.00042.npy
jazz.00043,jazz,1,10,130,34,features\mfcc_seq\jazz.00043.npy
jazz.00044,jazz,1,10,130,34,features\mfcc_seq\jazz.00044.npy
jazz.00045,jazz,1,10,130,34,features\mfcc_seq\jazz.00045.npy
jazz.00046,jazz,1,10,130,34,features\mfcc_seq\jazz.00046.npy
jazz.00047,jazz,2,10,130,34,features\mfcc_seq\jazz.00047.npy
jazz.00048,jazz,2,10,130,34,features\mfcc_seq\jazz.00048.npy
jazz.00049,jazz,2,10,130,34,features\mfcc_seq\jazz.00049.npy
jazz.00050,jazz,2,10,130,34,features\mfcc_seq\jazz.00050.npy
jazz.00052,jazz,2,10,130,34,features\mfcc_seq\jazz.00052.npy
jazz.00056,jazz,2,10,130,34,features\mfcc_seq\jazz.00056.npy
jazz.00057,jazz,1,10,130,34,features\mfcc_seq\jazz.00057.npy
jazz.00059,jazz,2,10,130,34,features\mfcc_seq\jazz.00059.npy
jazz.00061,jazz,2,10,130,34,features\mfcc_seq\jazz.00061.npy
jazz.00063,jazz,2,10,130,34,features\mfcc_seq\jazz.00063.npy
jazz.00064,jazz,3,10,130,34,features\mfcc_seq\jazz.00064.npy
jazz.00066,jazz,3,10,130,34,features\mfcc_seq\jazz.00066.npy
jazz.00073,jazz,3,10,130,34,features\mfcc_seq\jazz.00073.npy
jazz.00074,jazz,3,10,130,34,features\mfcc_seq\jazz.00074.npy
jazz.00075,jazz,3,10,130,34,features\mfcc_seq\jazz.00075.npy
jazz.00076,jazz,3,10,130,34,features\mfcc_seq\jazz.00076.npy
jazz.00077,jazz,3,10,130,34,features\mfcc_seq\jazz.00077.npy
jazz.00078,jazz,3,10,130,34,features\mfcc_seq\jazz.00078.npy
jazz.00079,jazz,3,10,130,34,features\mfcc_seq\jazz.00079.npy
jazz.00080,jazz,3,10,130,34,features\mfcc_seq\jazz.00080.npy
jazz.00081,jazz,3,10,130,34,features\mfcc_seq\jazz.00081.npy
jazz.00082,jazz,3,10,130,34,features\mfcc_seq\jazz.00082.npy
jazz.00083,jazz,3,10,130,34,features\mfcc_seq\jazz.00083.npy
jazz.00084,jazz,3,10,130,34,features\mfcc_seq\jazz.00084.npy
jazz.00085,jazz,3,10,130,34,features\mfcc_seq\jazz.00085.npy
jazz.00086,jazz,3,10,130,34,features\mfcc_seq\jazz.00086.npy
jazz.00087,jazz,3,10,130,34,features\mfcc_seq\jazz.00087.npy
jazz.00088,jazz,3,10,130,34,features\mfcc_seq\jazz.00088.npy
jazz.00089,jazz,3,10,130,34,features\mfcc_seq\jazz.00089.npy
jazz.00090,jazz,3,10,130,34,features\mfcc_seq\jazz.00090.npy
jazz.00091,jazz,3,10,130,34,features\mfcc_seq\jazz.00091.npy
jazz.00092,jazz,3,10,130,34,features\mfcc_seq\jazz.00092.npy
jazz.00093,jazz,3,10,130,34,features\mfcc_seq\jazz.00093.npy
jazz.00094,jazz,3,10,130,34,features\mfcc_seq\jazz.00094.npy
jazz.00095,jazz,3,10,130,34,features\mfcc_seq\jazz.00095.npy
jazz.00096,jazz,3,10,130,34,features\mfcc_seq\jazz.00096.npy
jazz.00097,jazz,3,10,130,34,features\mfcc_seq\jazz.00097.npy
jazz.00098,jazz,3,10,130,34,features\mfcc_seq\jazz.00098.npy
jazz.00099,jazz,3,10,130,34,features\mfcc_seq\jazz.00099.npy
metal.00000,metal,1,10,130,34,features\mfcc_seq\metal.00000.npy
metal.00001,metal,1,10,130,34,features\mfcc_seq\metal.00001.npy
metal.00002,metal,1,10,130,34,features\mfcc_seq\metal.00002.npy
metal.00003,metal,1,10,130,34,features\mfcc_seq\metal.00003.npy
metal.00004,metal,1,10,130,34,features\mfcc_seq\metal.00004.npy
metal.00005,metal,1,10,130,34,features\mfcc_seq\metal.00005.npy
metal.00006,metal,1,10,130,34,features\mfcc_seq\metal.00006.npy
metal.00007,metal,1,10,130,34,features\mfcc_seq\metal.00007.npy
metal.00008,metal,1,10,130,34,features\mfcc_seq\metal.00008.npy
metal.00009,metal,1,10,130,34,features\mfcc_seq\metal.00009.npy
metal.00010,metal,1,10,130,34,features\mfcc_seq\metal.00010.npy
metal.00011,metal,1,10,130,34,features\mfcc_seq\metal.00011.npy
metal.00012,metal,1,10,130,34,features\mfcc_seq\metal.00012.npy
metal.00014,metal,1,10,130,34,features\mfcc_seq\metal.00014.npy
metal.00015,metal,1,10,130,34,features\mfcc_seq\metal.00015.npy
metal.00016,metal,1,10,130,34,features\mfcc_seq\metal.00016.npy
metal.00017,metal,1,10,130,34,features\mfcc_seq\metal.00017.npy
metal.00018,metal,1,10,130,34,features\mfcc_seq\metal.00018.npy
metal.00019,metal,1,10,130,34,features\mfcc_seq\metal.00019.npy
metal.00020,metal,1,10,130,34,features\mfcc_seq\metal.00020.npy
metal.00021,metal,1,10,130,34,features\mfcc_seq\metal.00021.npy
metal.00022,metal,1,10,130,34,features\mfcc_seq\metal.00022.npy
metal.00023,metal,1,10,130,34,features\mfcc_seq\metal.00023.npy
metal.00024,metal,1,10,130,34,features\mfcc_seq\metal.00024.npy
metal.00025,metal,1,10,130,34,features\mfcc_seq\metal.00025.npy
metal.00026,metal,1,10,130,34,features\mfcc_seq\metal.00026.npy
metal.00027,metal,1,10,130,34,features\mfcc_seq\metal.00027.npy
metal.00028,metal,2,10,130,34,features\mfcc_seq\metal.00028.npy
metal.00029,metal,2,10,130,34,features\mfcc_seq\metal.00029.npy
metal.00030,metal,2,10,130,34,features\mfcc_seq\metal.00030.npy
metal.00031,metal,2,10,130,34,features\mfcc_seq\metal.00031.npy
metal.00032,metal,2,10,130,34,features\mfcc_seq\metal.00032.npy
metal.00033,metal,2,10,130,34,features\mfcc_seq\metal.00033.npy
metal.00034,metal,1,10,130,34,features\mfcc_seq\metal.00034.npy
metal.00035,metal,2,10,130,34,features\mfcc_seq\metal.00035.npy
metal.00036,metal,2,10,130,34,features\mfcc_seq\metal.00036.npy
metal.00037,metal,2,10,130,34,features\mfcc_seq\metal.00037.npy
metal.00038,metal,2,10,130,34,features\mfcc_seq\metal.00038.npy
metal.00039,metal,2,10,130,34,features\mfcc_seq\metal.00039.npy
metal.00040,metal,2,10,130,34,features\mfcc_seq\metal.00040.npy
metal.00041,metal,2,10,130,34,features\mfcc_seq\metal.00041.npy
metal.00042,metal,2,10,130,34,features\mfcc_seq\metal.00042.npy
metal.00043,metal,2,10,130,34,features\mfcc_seq\metal.00043.npy
metal.00044,metal,2,10,130,34,features\mfcc_seq\metal.00044.npy
metal.00045,metal,2,10,130,34,features\mfcc_seq\metal.00045.npy
metal.00046,metal,3,10,130,34,features\mfcc_seq\metal.00046.npy
metal.00047,metal,3,10,130,34,features\mfcc_seq\metal.00047.npy
metal.00048,metal,3,10,130,34,features\mfcc_seq\metal.00048.npy
metal.00049,metal,3,10,130,34,features\mfcc_seq\metal.00049.npy
metal.00050,metal,3,10,130,34,features\mfcc_seq\metal.00050.npy
metal.00051,metal,3,10,130,34,features\mfcc_seq\metal.00051.npy
metal.00052,metal,3,10,130,34,features\mfcc_seq\metal.00052.npy
metal.00053,metal,3,10,130,34,features\mfcc_seq\metal.00053.npy
metal.00054,metal,3,10,130,34,features\mfcc_seq\metal.00054.npy
metal.00055,metal,3,10,130,34,features\mfcc_seq\metal.00055.npy
metal.00056,metal,3,10,130,34,features\mfcc_seq\metal.00056.npy
metal.00057,metal,3,10,130,34,features\mfcc_seq\metal.00057.npy
metal.00059,metal,2,10,130,34,features\mfcc_seq\metal.00059.npy
metal.00060,metal,2,10,130,34,features\mfcc_seq\metal.00060.npy
metal.00067,metal,2,10,130,34,features\mfcc_seq\metal.00067.npy
metal.00068,metal,3,10,130,34,features\mfcc_seq\metal.00068.npy
metal.00069,metal,3,10,130,34,features\mfcc_seq\metal.00069.npy
metal.00070,metal,3,10,130,34,features\mfcc_seq\metal.00070.npy
metal.00071,metal,3,10,130,34,features\mfcc_seq\metal.00071.npy
metal.00072,metal,3,10,130,34,features\mfcc_seq\metal.00072.npy
metal.00073,metal,2,10,130,34,features\mfcc_seq\metal.00073.npy
metal.00074,metal,3,10,130,34,features\mfcc_seq\metal.00074.npy
metal.00075,metal,2,10,130,34,features\mfcc_seq\metal.00075.npy
metal.00076,metal,3,10,130,34,features\mfcc_seq\metal.00076.npy
metal.00077,metal,3,10,130,34,features\mfcc_seq\metal.00077.npy
metal.00078,metal,2,10,130,34,features\mfcc_seq\metal.00078.npy
metal.00079,metal,3,10,130,34,features\mfcc_seq\metal.00079.npy
metal.00080,metal,3,10,130,34,features\mfcc_seq\metal.00080.npy
metal.00081,metal,3,10,130,34,features\mfcc_seq\metal.00081.npy
metal.00082,metal,3,10,130,34,features\mfcc_seq\metal.00082.npy
metal.00083,metal,2,10,130,34,features\mfcc_seq\metal.00083.npy
metal.00084,metal,3,10,130,34,features\mfcc_seq\metal.00084.npy
metal.00085,metal,3,10,130,34,features\mfcc_seq\metal.00085.npy
metal.00086,metal,3,10,130,34,features\mfcc_seq\metal.00086.npy
metal.00087,metal,2,10,130,34,features\mfcc_seq\metal.00087.npy
metal.00088,metal,3,10,130,34,features\mfcc_seq\metal.00088.npy
metal.00089,metal,3,10,130,34,features\mfcc_seq\metal.00089.npy
metal.00090,metal,3,10,130,34,features\mfcc_seq\metal.00090.npy
metal.00091,metal,3,10,130,34,features\mfcc_seq\metal.00091.npy
metal.00092,metal,1,10,130,34,features\mfcc_seq\metal.00092.npy
metal.00093,metal,1,10,130,34,features\mfcc_seq\metal.00093.npy
metal.00095,metal,2,10,130,34,features\mfcc_seq\metal.00095.npy
metal.00096,metal,2,10,130,34,features\mfcc_seq\metal.00096.npy
metal.00097,metal,2,10,130,34,features\mfcc_seq\metal.00097.npy
metal.00098,metal,2,10,130,34,features\mfcc_seq\metal.00098.npy
metal.00099,metal,2,10,130,34,features\mfcc_seq\metal.00099.npy
pop.00000,pop,1,10,130,34,features\mfcc_seq\pop.00000.npy
pop.00001,pop,1,10,130,34,features\mfcc_seq\pop.00001.npy
pop.00002,pop,1,10,130,34,features\mfcc_seq\pop.00002.npy
pop.00003,pop,1,10,130,34,features\mfcc_seq\pop.00003.npy
pop.00004,pop,1,10,130,34,features\mfcc_seq\pop.00004.npy
pop.00005,pop,1,10,130,34,features\mfcc_seq\pop.00005.npy
pop.00006,pop,1,10,130,34,features\mfcc_seq\pop.00006.npy
pop.00007,pop,1,10,130,34,features\mfcc_seq\pop.00007.npy
pop.00008,pop,1,10,130,34,features\mfcc_seq\pop.00008.npy
pop.00009,pop,1,10,130,34,features\mfcc_seq\pop.00009.npy
pop.00010,pop,1,10,130,34,features\mfcc_seq\pop.00010.npy
pop.00011,pop,1,10,130,34,features\mfcc_seq\pop.00011.npy
pop.00012,pop,1,10,130,34,features\mfcc_seq\pop.00012.npy
pop.00013,pop,1,10,130,34,features\mfcc_seq\pop.00013.npy
pop.00014,pop,1,10,130,34,features\mfcc_seq\pop.00014.npy
pop.00015,pop,2,10,130,34,features\mfcc_seq\pop.00015.npy
pop.00016,pop,2,10,130,34,features\mfcc_seq\pop.00016.npy
pop.00017,pop,2,10,130,34,features\mfcc_seq\pop.00017.npy
pop.00018,pop,2,10,130,34,features\mfcc_seq\pop.00018.npy
pop.00019,pop,2,10,130,34,features\mfcc_seq\pop.00019.npy
pop.00020,pop,2,10,130,34,features\mfcc_seq\pop.00020.npy
pop.00021,pop,2,10,130,34,features\mfcc_seq\pop.00021.npy
pop.00023,pop,2,10,130,34,features\mfcc_seq\pop.00023.npy
pop.00024,pop,2,10,130,34,features\mfcc_seq\pop.00024.npy
pop.00025,pop,2,10,130,34,features\mfcc_seq\pop.00025.npy
pop.00026,pop,2,10,130,34,features\mfcc_seq\pop.00026.npy
pop.00027,pop,2,10,130,34,features\mfcc_seq\pop.00027.npy
pop.00028,pop,2,10,130,34,features\mfcc_seq\pop.00028.npy
pop.00029,pop,2,10,130,34,features\mfcc_seq\pop.00029.npy
pop.00030,pop,2,10,130,34,features\mfcc_seq\pop.00030.npy
pop.00032,pop,2,10,130,34,features\mfcc_seq\pop.00032.npy
pop.00033,pop,2,10,130,34,features\mfcc_seq\pop.00033.npy
pop.00034,pop,2,10,130,34,features\mfcc_seq\pop.00034.npy
pop.00035,pop,2,10,130,34,features\mfcc_seq\pop.00035.npy
pop.00036,pop,2,10,130,34,features\mfcc_seq\pop.00036.npy
pop.00038,pop,2,10,130,34,features\mfcc_seq\pop.00038.npy
pop.00039,pop,1,10,130,34,features\mfcc_seq\pop.00039.npy
pop.00040,pop,1,10,130,34,features\mfcc_seq\pop.00040.npy
pop.00041,pop,2,10,130,34,features\mfcc_seq\pop.00041.npy
pop.00042,pop,2,10,130,34,features\mfcc_seq\pop.00042.npy
pop.00043,pop,2,10,130,34,features\mfcc_seq\pop.00043.npy
pop.00044,pop,3,10,130,34,features\mfcc_seq\pop.00044.npy
pop.00045,pop,3,10,130,34,features\mfcc_seq\pop.00045.npy
pop.00047,pop,3,10,130,34,features\mfcc_seq\pop.00047.npy
pop.00048,pop,3,10,130,34,features\mfcc_seq\pop.00048.npy
pop.00049,pop,3,10,130,34,features\mfcc_seq\pop.00049.npy
pop.00050,pop,3,10,130,34,features\mfcc_seq\pop.00050.npy
pop.00051,pop,3,10,130,34,features\mfcc_seq\pop.00051.npy
pop.00052,pop,3,10,130,34,features\mfcc_seq\pop.00052.npy
pop.00053,pop,3,10,130,34,features\mfcc_seq\pop.00053.npy
pop.00054,pop,3,10,130,34,features\mfcc_seq\pop.00054.npy
pop.00055,pop,3,10,130,34,features\mfcc_seq\pop.00055.npy
pop.00056,pop,3,10,130,34,features\mfcc_seq\pop.00056.npy
pop.00058,pop,3,10,130,34,features\mfcc_seq\pop.00058.npy
pop.00061,pop,3,10,130,34,features\mfcc_seq\pop.00061.npy
pop.00062,pop,3,10,130,34,features\mfcc_seq\pop.00062.npy
pop.00063,pop,3,10,130,34,features\mfcc_seq\pop.00063.npy
pop.00064,pop,3,10,130,34,features\mfcc_seq\pop.00064.npy
pop.00065,pop,3,10,130,34,features\mfcc_seq\pop.00065.npy
pop.00066,pop,3,10,130,34,features\mfcc_seq\pop.00066.npy
pop.00067,pop,3,10,130,34,features\mfcc_seq\pop.00067.npy
pop.00068,pop,3,10,130,34,features\mfcc_seq\pop.00068.npy
pop.00069,pop,3,10,130,34,features\mfcc_seq\pop.00069.npy
pop.00070,pop,3,10,130,34,features\mfcc_seq\pop.00070.npy
pop.00072,pop,3,10,130,34,features\mfcc_seq\pop.00072.npy
pop.00073,pop,3,10,130,34,features\mfcc_seq\pop.00073.npy
pop.00074,pop,2,10,130,34,features\mfcc_seq\pop.00074.npy
pop.00075,pop,2,10,130,34,features\mfcc_seq\pop.00075.npy
pop.00076,pop,2,10,130,34,features\mfcc_seq\pop.00076.npy
pop.00077,pop,2,10,130,34,features\mfcc_seq\pop.00077.npy
pop.00078,pop,2,10,130,34,features\mfcc_seq\pop.00078.npy
pop.00079,pop,3,10,130,34,features\mfcc_seq\pop.00079.npy
pop.00081,pop,3,10,130,34,features\mfcc_seq\pop.00081.npy
pop.00082,pop,2,10,130,34,features\mfcc_seq\pop.00082.npy
pop.00083,pop,1,10,130,34,features\mfcc_seq\pop.00083.npy
pop.00084,pop,3,10,130,34,features\mfcc_seq\pop.00084.npy
pop.00085,pop,3,10,130,34,features\mfcc_seq\pop.00085.npy
pop.00086,pop,3,10,130,34,features\mfcc_seq\pop.00086.npy
pop.00087,pop,1,10,130,34,features\mfcc_seq\pop.00087.npy
pop.00088,pop,1,10,130,34,features\mfcc_seq\pop.00088.npy
pop.00089,pop,1,10,130,34,features\mfcc_seq\pop.00089.npy
pop.00091,pop,1,10,130,34,features\mfcc_seq\pop.00091.npy
pop.00092,pop,1,10,130,34,features\mfcc_seq\pop.00092.npy
pop.00093,pop,1,10,130,34,features\mfcc_seq\pop.00093.npy
pop.00094,pop,1,10,130,34,features\mfcc_seq\pop.00094.npy
pop.00095,pop,1,10,130,34,features\mfcc_seq\pop.00095.npy
pop.00096,pop,1,10,130,34,features\mfcc_seq\pop.00096.npy
pop.00097,pop,1,10,130,34,features\mfcc_seq\pop.00097.npy
pop.00098,pop,1,10,130,34,features\mfcc_seq\pop.00098.npy
pop.00099,pop,1,10,130,34,features\mfcc_seq\pop.00099.npy
reggae.00000,reggae,1,10,130,34,features\mfcc_seq\reggae.00000.npy
reggae.00001,reggae,1,10,130,34,features\mfcc_seq\reggae.00001.npy
reggae.00002,reggae,1,10,130,34,features\mfcc_seq\reggae.00002.npy
reggae.00003,reggae,1,10,130,34,features\mfcc_seq\reggae.00003.npy
reggae.00004,reggae,1,10,130,34,features\mfcc_seq\reggae.00004.npy
reggae.00005,reggae,1,10,130,34,features\mfcc_seq\reggae.00005.npy
reggae.00006,reggae,1,10,130,34,features\mfcc_seq\reggae.00006.npy
reggae.00007,reggae,1,10,130,34,features\mfcc_seq\reggae.00007.npy
reggae.00008,reggae,1,10,130,34,features\mfcc_seq\reggae.00008.npy
reggae.00009,reggae,1,10,130,34,features\mfcc_seq\reggae.00009.npy
reggae.00010,reggae,1,10,130,34,features\mfcc_seq\reggae.00010.npy
reggae.00011,reggae,1,10,130,34,features\mfcc_seq\reggae.00011.npy
reggae.00012,reggae,1,10,130,34,features\mfcc_seq\reggae.00012.npy
reggae.00013,reggae,1,10,130,34,features\mfcc_seq\reggae.00013.npy
reggae.00014,reggae,1,10,130,34,features\mfcc_seq\reggae.00014.npy
reggae.00015,reggae,1,10,130,34,features\mfcc_seq\reggae.00015.npy
reggae.00016,reggae,1,10,130,34,features\mfcc_seq\reggae.00016.npy
reggae.00017,reggae,1,10,130,34,features\mfcc_seq\reggae.00017.npy
reggae.00018,reggae,1,10,130,34,features\mfcc_seq\reggae.00018.npy
reggae.00019,reggae,1,10,130,34,features\mfcc_seq\reggae.00019.npy
reggae.00020,reggae,1,10,130,34,features\mfcc_seq\reggae.00020.npy
reggae.00021,reggae,1,10,130,34,features\mfcc_seq\reggae.00021.npy
reggae.00022,reggae,1,10,130,34,features\mfcc_seq\reggae.00022.npy
reggae.00023,reggae,1,10,130,34,features\mfcc_seq\reggae.00023.npy
reggae.00024,reggae,1,10,130,34,features\mfcc_seq\reggae.00024.npy
reggae.00025,reggae,1,10,130,34,features\mfcc_seq\reggae.00025.npy
reggae.00026,reggae,1,10,130,34,features\mfcc_seq\reggae.00026.npy
reggae.00027,reggae,1,10,130,34,features\mfcc_seq\reggae.00027.npy
reggae.00028,reggae,2,10,130,34,features\mfcc_seq\reggae.00028.npy
reggae.00029,reggae,2,10,130,34,features\mfcc_seq\reggae.00029.npy
reggae.00030,reggae,2,10,130,34,features\mfcc_seq\reggae.00030.npy
reggae.00031,reggae,2,10,130,34,features\mfcc_seq\reggae.00031.npy
reggae.00032,reggae,2,10,130,34,features\mfcc_seq\reggae.00032.npy
reggae.00033,reggae,2,10,130,34,features\mfcc_seq\reggae.00033.npy
reggae.00034,reggae,2,10,130,34,features\mfcc_seq\reggae.00034.npy
reggae.00035,reggae,2,10,130,34,features\mfcc_seq\reggae.00035.npy
reggae.00036,reggae,2,10,130,34,features\mfcc_seq\reggae.00036.npy
reggae.00037,reggae,2,10,130,34,features\mfcc_seq\reggae.00037.npy
reggae.00038,reggae,2,10,130,34,features\mfcc_seq\reggae.00038.npy
reggae.00039,reggae,2,10,130,34,features\mfcc_seq\reggae.00039.npy
reggae.00040,reggae,2,10,130,34,features\mfcc_seq\reggae.00040.npy
reggae.00041,reggae,2,10,130,34,features\mfcc_seq\reggae.00041.npy
reggae.00042,reggae,2,10,130,34,features\mfcc_seq\reggae.00042.npy
reggae.00043,reggae,2,10,130,34,features\mfcc_seq\reggae.00043.npy
reggae.00044,reggae,2,10,130,34,features\mfcc_seq\reggae.00044.npy
reggae.00045,reggae,2,10,130,34,features\mfcc_seq\reggae.00045.npy
reggae.00046,reggae,2,10,130,34,features\mfcc_seq\reggae.00046.npy
reggae.00047,reggae,2,10,130,34,features\mfcc_seq\reggae.00047.npy
reggae.00048,reggae,2,10,130,34,features\mfcc_seq\reggae.00048.npy
reggae.00049,reggae,2,10,130,34,features\mfcc_seq\reggae.00049.npy
reggae.00050,reggae,2,10,130,34,features\mfcc_seq\reggae.00050.npy
reggae.00051,reggae,3,10,130,34,features\mfcc_seq\reggae.00051.npy
reggae.00052,reggae,3,10,130,34,features\mfcc_seq\reggae.00052.npy
reggae.00053,reggae,3,10,130,34,features\mfcc_seq\reggae.00053.npy
reggae.00054,reggae,3,10,130,34,features\mfcc_seq\reggae.00054.npy
reggae.00055,reggae,3,10,130,34,features\mfcc_seq\reggae.00055.npy
reggae.00059,reggae,1,10,130,34,features\mfcc_seq\reggae.00059.npy
reggae.00061,reggae,3,10,130,34,features\mfcc_seq\reggae.00061.npy
reggae.00062,reggae,3,10,130,34,features\mfcc_seq\reggae.00062.npy
reggae.00063,reggae,2,10,130,34,features\mfcc_seq\reggae.00063.npy
reggae.00064,reggae,2,10,130,34,features\mfcc_seq\reggae.00064.npy
reggae.00066,reggae,2,10,130,34,features\mfcc_seq\reggae.00066.npy
reggae.00067,reggae,2,10,130,34,features\mfcc_seq\reggae.00067.npy
reggae.00068,reggae,2,10,130,34,features\mfcc_seq\reggae.00068.npy
reggae.00070,reggae,3,10,130,34,features\mfcc_seq\reggae.00070.npy
reggae.00071,reggae,2,10,130,34,features\mfcc_seq\reggae.00071.npy
reggae.00072,reggae,3,10,130,34,features\mfcc_seq\reggae.00072.npy
reggae.00073,reggae,3,10,130,34,features\mfcc_seq\reggae.00073.npy
reggae.00075,reggae,3,10,130,34,features\mfcc_seq\reggae.00075.npy
reggae.00076,reggae,3,10,130,34,features\mfcc_seq\reggae.00076.npy
reggae.00077,reggae,3,10,130,34,features\mfcc_seq\reggae.00077.npy
reggae.00078,reggae,3,10,130,34,features\mfcc_seq\reggae.00078.npy
reggae.00079,reggae,3,10,130,34,features\mfcc_seq\reggae.00079.npy
reggae.00080,reggae,3,10,130,34,features\mfcc_seq\reggae.00080.npy
reggae.00083,reggae,3,10,130,34,features\mfcc_seq\reggae.00083.npy
reggae.00084,reggae,3,10,130,34,features\mfcc_seq\reggae.00084.npy
reggae.00085,reggae,3,10,130,34,features\mfcc_seq\reggae.00085.npy
reggae.00087,reggae,3,10,130,34,features\mfcc_seq\reggae.00087.npy
reggae.00088,reggae,3,10,130,34,features\mfcc_seq\reggae.00088.npy
reggae.00089,reggae,3,10,130,34,features\mfcc_seq\reggae.00089.npy
reggae.00090,reggae,3,10,130,34,features\mfcc_seq\reggae.00090.npy
reggae.00093,reggae,3,10,130,34,features\mfcc_seq\reggae.00093.npy
reggae.00094,reggae,3,10,130,34,features\mfcc_seq\reggae.00094.npy
reggae.00095,reggae,3,10,130,34,features\mfcc_seq\reggae.00095.npy
reggae.00096,reggae,3,10,130,34,features\mfcc_seq\reggae.00096.npy
reggae.00097,reggae,3,10,130,34,features\mfcc_seq\reggae.00097.npy
reggae.00098,reggae,3,10,130,34,features\mfcc_seq\reggae.00098.npy
reggae.00099,reggae,3,10,130,34,features\mfcc_seq\reggae.00099.npy
rock.00000,rock,1,10,130,34,features\mfcc_seq\rock.00000.npy
rock.00001,rock,1,10,130,34,features\mfcc_seq\rock.00001.npy
rock.00002,rock,1,10,130,34,features\mfcc_seq\rock.00002.npy
rock.00003,rock,1,10,130,34,features\mfcc_seq\rock.00003.npy
rock.00004,rock,1,10,130,34,features\mfcc_seq\rock.00004.npy
rock.00005,rock,1,10,130,34,features\mfcc_seq\rock.00005.npy
rock.00006,rock,1,10,130,34,features\mfcc_seq\rock.00006.npy
rock.00007,rock,1,10,130,34,features\mfcc_seq\rock.00007.npy
rock.00008,rock,1,10,130,34,features\mfcc_seq\rock.00008.npy
rock.00009,rock,1,10,130,34,features\mfcc_seq\rock.00009.npy
rock.00010,rock,1,10,130,34,features\mfcc_seq\rock.00010.npy
rock.00011,rock,1,10,130,34,features\mfcc_seq\rock.00011.npy
rock.00012,rock,1,10,130,34,features\mfcc_seq\rock.00012.npy
rock.00013,rock,1,10,130,34,features\mfcc_seq\rock.00013.npy
rock.00014,rock,1,10,130,34,features\mfcc_seq\rock.00014.npy
rock.00015,rock,1,10,130,34,features\mfcc_seq\rock.00015.npy
rock.00016,rock,1,10,130,34,features\mfcc_seq\rock.00016.npy
rock.00017,rock,1,10,130,34,features\mfcc_seq\rock.00017.npy
rock.00018,rock,1,10,130,34,features\mfcc_seq\rock.00018.npy
rock.00019,rock,1,10,130,34,features\mfcc_seq\rock.00019.npy
rock.00020,rock,1,10,130,34,features\mfcc_seq\rock.00020.npy
rock.00021,rock,1,10,130,34,features\mfcc_seq\rock.00021.npy
rock.00022,rock,1,10,130,34,features\mfcc_seq\rock.00022.npy
rock.00023,rock,1,10,130,34,features\mfcc_seq\rock.00023.npy
rock.00024,rock,1,10,130,34,features\mfcc_seq\rock.00024.npy
rock.00025,rock,1,10,130,34,features\mfcc_seq\rock.00025.npy
rock.00026,rock,1,10,130,34,features\mfcc_seq\rock.00026.npy
rock.00027,rock,1,10,130,34,features\mfcc_seq\rock.00027.npy
rock.00028,rock,3,10,130,34,features\mfcc_seq\rock.00028.npy
rock.00029,rock,3,10,130,34,features\mfcc_seq\rock.00029.npy
rock.00030,rock,3,10,130,34,features\mfcc_seq\rock.00030.npy
rock.00031,rock,3,10,130,34,features\mfcc_seq\rock.00031.npy
rock.00032,rock,2,10,130,34,features\mfcc_seq\rock.00032.npy
rock.00033,rock,3,10,130,34,features\mfcc_seq\rock.00033.npy
rock.00034,rock,3,10,130,34,features\mfcc_seq\rock.00034.npy
rock.00035,rock,3,10,130,34,features\mfcc_seq\rock.00035.npy
rock.00036,rock,3,10,130,34,features\mfcc_seq\rock.00036.npy
rock.00037,rock,3,10,130,34,features\mfcc_seq\rock.00037.npy
rock.00038,rock,3,10,130,34,features\mfcc_seq\rock.00038.npy
rock.00039,rock,2,10,130,34,features\mfcc_seq\rock.00039.npy
rock.00040,rock,2,10,130,34,features\mfcc_seq\rock.00040.npy
rock.00041,rock,2,10,130,34,features\mfcc_seq\rock.00041.npy
rock.00042,rock,2,10,130,34,features\mfcc_seq\rock.00042.npy
rock.00043,rock,2,10,130,34,features\mfcc_seq\rock.00043.npy
rock.00044,rock,2,10,130,34,features\mfcc_seq\rock.00044.npy
rock.00045,rock,2,10,130,34,features\mfcc_seq\rock.00045.npy
rock.00046,rock,2,10,130,34,features\mfcc_seq\rock.00046.npy
rock.00047,rock,2,10,130,34,features\mfcc_seq\rock.00047.npy
rock.00048,rock,2,10,130,34,features\mfcc_seq\rock.00048.npy
rock.00049,rock,2,10,130,34,features\mfcc_seq\rock.00049.npy
rock.00050,rock,2,10,130,34,features\mfcc_seq\rock.00050.npy
rock.00051,rock,2,10,130,34,features\mfcc_seq\rock.00051.npy
rock.00052,rock,2,10,130,34,features\mfcc_seq\rock.00052.npy
rock.00053,rock,2,10,130,34,features\mfcc_seq\rock.00053.npy
rock.00054,rock,2,10,130,34,features\mfcc_seq\rock.00054.npy
rock.00055,rock,2,10,130,34,features\mfcc_seq\rock.00055.npy
rock.00056,rock,2,10,130,34,features\mfcc_seq\rock.00056.npy
rock.00057,rock,2,10,130,34,features\mfcc_seq\rock.00057.npy
rock.00058,rock,2,10,130,34,features\mfcc_seq\rock.00058.npy
rock.00059,rock,2,10,130,34,features\mfcc_seq\rock.00059.npy
rock.00060,rock,2,10,130,34,features\mfcc_seq\rock.00060.npy
rock.00061,rock,2,10,130,34,features\mfcc_seq\rock.00061.npy
rock.00062,rock,2,10,130,34,features\mfcc_seq\rock.00062.npy
rock.00063,rock,2,10,130,34,features\mfcc_seq\rock.00063.npy
rock.00064,rock,2,10,130,34,features\mfcc_seq\rock.00064.npy
rock.00065,rock,2,10,130,34,features\mfcc_seq\rock.00065.npy
rock.00066,rock,2,10,130,34,features\mfcc_seq\rock.00066.npy
rock.00067,rock,2,10,130,34,features\mfcc_seq\rock.00067.npy
rock.00068,rock,2,10,130,34,features\mfcc_seq\rock.00068.npy
rock.00069,rock,2,10,130,34,features\mfcc_seq\rock.00069.npy
rock.00070,rock,2,10,130,34,features\mfcc_seq\rock.00070.npy
rock.00071,rock,3,10,130,34,features\mfcc_seq\rock.00071.npy
rock.00072,rock,3,10,130,34,features\mfcc_seq\rock.00072.npy
rock.00073,rock,3,10,130,34,features\mfcc_seq\rock.00073.npy
rock.00074,rock,3,10,130,34,features\mfcc_seq\rock.00074.npy
rock.00075,rock,3,10,130,34,features\mfcc_seq\rock.00075.npy
rock.00076,rock,3,10,130,34,features\mfcc_seq\rock.00076.npy
rock.00077,rock,3,10,130,34,features\mfcc_seq\rock.00077.npy
rock.00078,rock,3,10,130,34,features\mfcc_seq\rock.00078.npy
rock.00079,rock,3,10,130,34,features\mfcc_seq\rock.00079.npy
rock.00080,rock,3,10,130,34,features\mfcc_seq\rock.00080.npy
rock.00081,rock,3,10,130,34,features\mfcc_seq\rock.00081.npy
rock.00082,rock,3,10,130,34,features\mfcc_seq\rock.00082.npy
rock.00083,rock,3,10,130,34,features\mfcc_seq\rock.00083.npy
rock.00084,rock,3,10,130,34,features\mfcc_seq\rock.00084.npy
rock.00085,rock,3,10,130,34,features\mfcc_seq\rock.00085.npy
rock.00086,rock,1,10,130,34,features\mfcc_seq\rock.00086.npy
rock.00087,rock,1,10,130,34,features\mfcc_seq\rock.00087.npy
rock.00088,rock,1,10,130,34,features\mfcc_seq\rock.00088.npy
rock.00089,rock,1,10,130,34,features\mfcc_seq\rock.00089.npy
rock.00090,rock,1,10,130,34,features\mfcc_seq\rock.00090.npy
rock.00091,rock,3,10,130,34,features\mfcc_seq\rock.00091.npy
rock.00092,rock,3,10,130,34,features\mfcc_seq\rock.00092.npy
rock.00093,rock,3,10,130,34,features\mfcc_seq\rock.00093.npy
rock.00094,rock,3,10,130,34,features\mfcc_seq\rock.00094.npy
rock.00095,rock,3,10,130,34,features\mfcc_seq\rock.00095.npy
rock.00096,rock,3,10,130,34,features\mfcc_seq\rock.00096.npy
rock.00097,rock,3,10,130,34,features\mfcc_seq\rock.00097.npy
rock.00098,rock,3,10,130,34,features\mfcc_seq\rock.00098.npy
rock.00099,rock,3,10,130,34,features\mfcc_seq\rock.00099.npy
